{"cameraMode":{"drawMode":0,"name":"Shaded","section":"Shading Mode"},"sceneLighting":true,"audioPlay":false,"sceneViewState":{"showFog":true,"showMaterialUpdate":true,"showSkybox":true,"showFlares":true,"showImageEffects":true,"showParticleSystems":true},"in2DMode":false,"pivot":{"x":58.23527145385742,"y":-18.96541976928711,"z":-97.25615692138672},"rotation":{"x":-0.3636240065097809,"y":0.5802732110023499,"z":-0.3229757249355316,"w":-0.6532832980155945},"size":156.28646850585938,"orthographic":false}