{"cameraMode":{"drawMode":0,"name":"Shaded","section":"Shading Mode"},"sceneLighting":true,"audioPlay":false,"sceneViewState":{"showFog":false,"showMaterialUpdate":true,"showSkybox":true,"showFlares":true,"showImageEffects":true,"showParticleSystems":true},"in2DMode":false,"pivot":{"x":8.49045467376709,"y":0.04044085741043091,"z":-9.19641399383545},"rotation":{"x":0.0505974255502224,"y":-0.9292171597480774,"z":0.3390105068683624,"w":0.13909780979156495},"size":11.465408325195313,"orthographic":false}