{"cameraMode":{"drawMode":0,"name":"Shaded","section":"Shading Mode"},"sceneLighting":true,"audioPlay":false,"sceneViewState":{"showFog":false,"showMaterialUpdate":true,"showSkybox":true,"showFlares":true,"showImageEffects":true,"showParticleSystems":true},"in2DMode":false,"pivot":{"x":0.2648811340332031,"y":1.590555191040039,"z":7.057371139526367},"rotation":{"x":-0.06135838106274605,"y":0.9387444853782654,"z":-0.2239556461572647,"w":-0.2552455961704254},"size":9.160528182983399,"orthographic":false}