{"cameraMode":{"drawMode":0,"name":"Shaded","section":"Shading Mode"},"sceneLighting":true,"audioPlay":false,"sceneViewState":{"showFog":true,"showMaterialUpdate":true,"showSkybox":true,"showFlares":true,"showImageEffects":true,"showParticleSystems":true},"in2DMode":false,"pivot":{"x":84.53129577636719,"y":8.736231803894043,"z":-171.6199493408203},"rotation":{"x":0.05427436903119087,"y":0.8651226758956909,"z":-0.09587858617305756,"w":0.4893668293952942},"size":93.2753677368164,"orthographic":false}