{"cameraMode":{"drawMode":0,"name":"Shaded","section":"Shading Mode"},"sceneLighting":true,"audioPlay":false,"sceneViewState":{"showFog":true,"showMaterialUpdate":true,"showSkybox":true,"showFlares":true,"showImageEffects":true,"showParticleSystems":true},"in2DMode":false,"pivot":{"x":44.505149841308597,"y":-30.17396354675293,"z":-76.77820587158203},"rotation":{"x":-0.007815194316208363,"y":0.8476092219352722,"z":-0.5311844348907471,"w":-0.012372062541544438},"size":215.9207305908203,"orthographic":false}