{"cameraMode":{"drawMode":0,"name":"Shaded","section":"Shading Mode"},"sceneLighting":true,"audioPlay":false,"sceneViewState":{"showFog":true,"showMaterialUpdate":true,"showSkybox":true,"showFlares":true,"showImageEffects":true,"showParticleSystems":true},"in2DMode":false,"pivot":{"x":-34.98698425292969,"y":0.010533207096159459,"z":-300.0520324707031},"rotation":{"x":0.241214781999588,"y":0.046575479209423068,"z":-0.011555962264537812,"w":0.9693138003349304},"size":6.276459217071533,"orthographic":false}