{"cameraMode":{"drawMode":0,"name":"Shaded","section":"Shading Mode"},"sceneLighting":true,"audioPlay":false,"sceneViewState":{"showFog":false,"showMaterialUpdate":true,"showSkybox":true,"showFlares":true,"showImageEffects":true,"showParticleSystems":true},"in2DMode":false,"pivot":{"x":-0.98095703125,"y":-9.319839477539063,"z":-24.2707462310791},"rotation":{"x":0.09403075277805329,"y":-0.8709507584571838,"z":0.44701048731803896,"w":0.1818860024213791},"size":54.68574142456055,"orthographic":false}