{"cameraMode":{"drawMode":0,"name":"Shaded","section":"Shading Mode"},"sceneLighting":true,"audioPlay":false,"sceneViewState":{"showFog":false,"showMaterialUpdate":true,"showSkybox":true,"showFlares":true,"showImageEffects":true,"showParticleSystems":true},"in2DMode":false,"pivot":{"x":25.934465408325197,"y":-14.897841453552246,"z":-2.907397747039795},"rotation":{"x":-0.1696261465549469,"y":-0.7658084034919739,"z":0.22460897266864777,"w":-0.5782628655433655},"size":37.21315383911133,"orthographic":false}