{"cameraMode":{"drawMode":0,"name":"Shaded","section":"Shading Mode"},"sceneLighting":true,"audioPlay":false,"sceneViewState":{"showFog":true,"showMaterialUpdate":true,"showSkybox":true,"showFlares":true,"showImageEffects":true,"showParticleSystems":true},"in2DMode":false,"pivot":{"x":39.225341796875,"y":3.608844757080078,"z":-30.952634811401368},"rotation":{"x":0.2756980359554291,"y":-0.31615498661994936,"z":0.09646987915039063,"w":0.9026633501052856},"size":138.1392822265625,"orthographic":false}