{"cameraMode":{"drawMode":0,"name":"Shaded","section":"Shading Mode"},"sceneLighting":true,"audioPlay":false,"sceneViewState":{"showFog":true,"showMaterialUpdate":true,"showSkybox":true,"showFlares":true,"showImageEffects":true,"showParticleSystems":true},"in2DMode":false,"pivot":{"x":-3.384002685546875,"y":-12.442276000976563,"z":55.12916564941406},"rotation":{"x":0.3034825325012207,"y":0.019148454070091249,"z":-0.006213534623384476,"w":0.9526674747467041},"size":139.04103088378907,"orthographic":false}