{"cameraMode":{"drawMode":0,"name":"Shaded","section":"Shading Mode"},"sceneLighting":true,"audioPlay":false,"sceneViewState":{"showFog":true,"showMaterialUpdate":true,"showSkybox":true,"showFlares":true,"showImageEffects":true,"showParticleSystems":true},"in2DMode":false,"pivot":{"x":-34.35886001586914,"y":9.854816436767579,"z":-293.5293273925781},"rotation":{"x":0.1406688392162323,"y":0.10228580236434937,"z":-0.014588124118745327,"w":0.9846705794334412},"size":11.061135292053223,"orthographic":false}