{"cameraMode":{"drawMode":0,"name":"Shaded","section":"Shading Mode"},"sceneLighting":true,"audioPlay":false,"sceneViewState":{"showFog":true,"showMaterialUpdate":true,"showSkybox":true,"showFlares":true,"showImageEffects":true,"showParticleSystems":true},"in2DMode":false,"pivot":{"x":-0.12169308960437775,"y":1.3681720495224,"z":0.3818711042404175},"rotation":{"x":-0.033232539892196658,"y":0.08101160824298859,"z":-0.002340911654755473,"w":-0.996446430683136},"size":2.123975992202759,"orthographic":false}