{"cameraMode":{"drawMode":0,"name":"Shaded","section":"Shading Mode"},"sceneLighting":true,"audioPlay":false,"sceneViewState":{"showFog":false,"showMaterialUpdate":true,"showSkybox":true,"showFlares":true,"showImageEffects":true,"showParticleSystems":true},"in2DMode":false,"pivot":{"x":49.82521438598633,"y":-5.196553707122803,"z":97.22840881347656},"rotation":{"x":0.16197720170021058,"y":0.8091139197349548,"z":-0.2645350992679596,"w":0.49959656596183779},"size":136.557373046875,"orthographic":false}