{"cameraMode":{"drawMode":0,"name":"Shaded","section":"Shading Mode"},"sceneLighting":true,"audioPlay":false,"sceneViewState":{"showFog":true,"showMaterialUpdate":true,"showSkybox":true,"showFlares":true,"showImageEffects":true,"showParticleSystems":true},"in2DMode":false,"pivot":{"x":-25.561798095703126,"y":0.22699975967407227,"z":-61.94644546508789},"rotation":{"x":-0.009548671543598175,"y":0.9833301305770874,"z":-0.17375363409519196,"w":-0.05346346274018288},"size":2.5636515617370607,"orthographic":false}