{"cameraMode":{"drawMode":0,"name":"Shaded","section":"Shading Mode"},"sceneLighting":true,"audioPlay":false,"sceneViewState":{"showFog":false,"showMaterialUpdate":true,"showSkybox":true,"showFlares":true,"showImageEffects":true,"showParticleSystems":true},"in2DMode":false,"pivot":{"x":0.4274864196777344,"y":0.3681536316871643,"z":4.267781734466553},"rotation":{"x":0.0014325339579954744,"y":-0.9786152243614197,"z":-0.007046888582408428,"w":-0.2057858109474182},"size":15.039633750915528,"orthographic":false}