{"cameraMode":{"drawMode":0,"name":"Shaded","section":"Shading Mode"},"sceneLighting":true,"audioPlay":false,"sceneViewState":{"showFog":true,"showMaterialUpdate":true,"showSkybox":true,"showFlares":true,"showImageEffects":true,"showParticleSystems":true},"in2DMode":false,"pivot":{"x":47.67375946044922,"y":-34.23424530029297,"z":-52.75360870361328},"rotation":{"x":0.602412223815918,"y":-0.36474916338920596,"z":0.35757017135620119,"w":0.6139257550239563},"size":47.218448638916019,"orthographic":false}