{"cameraMode":{"drawMode":0,"name":"Shaded","section":"Shading Mode"},"sceneLighting":true,"audioPlay":false,"sceneViewState":{"showFog":false,"showMaterialUpdate":true,"showSkybox":true,"showFlares":true,"showImageEffects":true,"showParticleSystems":true},"in2DMode":false,"pivot":{"x":0.2924480140209198,"y":9.289831161499024,"z":10.023650169372559},"rotation":{"x":0.1419144868850708,"y":0.6899871230125427,"z":-0.1408798098564148,"w":0.6957564353942871},"size":4.023891448974609,"orthographic":false}