{"cameraMode":{"drawMode":0,"name":"Shaded","section":"Shading Mode"},"sceneLighting":true,"audioPlay":false,"sceneViewState":{"showFog":false,"showMaterialUpdate":true,"showSkybox":true,"showFlares":true,"showImageEffects":true,"showParticleSystems":true},"in2DMode":false,"pivot":{"x":3.4322023391723635,"y":-0.015325814485549927,"z":17.020843505859376},"rotation":{"x":-0.18006166815757752,"y":-0.678089439868927,"z":0.17711201310157777,"w":-0.690355122089386},"size":69.26373291015625,"orthographic":false}