{"cameraMode":{"drawMode":0,"name":"Shaded","section":"Shading Mode"},"sceneLighting":true,"audioPlay":false,"sceneViewState":{"showFog":true,"showMaterialUpdate":true,"showSkybox":true,"showFlares":true,"showImageEffects":true,"showParticleSystems":true},"in2DMode":false,"pivot":{"x":50.47686767578125,"y":-24.2694091796875,"z":-14.834403991699219},"rotation":{"x":0.1205940768122673,"y":0.7708508968353272,"z":-0.1521710455417633,"w":0.6074700951576233},"size":75.28103637695313,"orthographic":false}