{"cameraMode":{"drawMode":0,"name":"Shaded","section":"Shading Mode"},"sceneLighting":true,"audioPlay":false,"sceneViewState":{"showFog":false,"showMaterialUpdate":true,"showSkybox":true,"showFlares":true,"showImageEffects":true,"showParticleSystems":true},"in2DMode":false,"pivot":{"x":-16.68789291381836,"y":-3.057514190673828,"z":-17.401018142700197},"rotation":{"x":0.055623751133680347,"y":0.9326124787330627,"z":-0.31528252363204958,"w":0.16793939471244813},"size":58.016754150390628,"orthographic":false}