{"cameraMode":{"drawMode":0,"name":"Shaded","section":"Shading Mode"},"sceneLighting":true,"audioPlay":false,"sceneViewState":{"showFog":true,"showMaterialUpdate":true,"showSkybox":true,"showFlares":true,"showImageEffects":true,"showParticleSystems":true},"in2DMode":false,"pivot":{"x":-34.750648498535159,"y":1.3396568298339844,"z":-299.2740783691406},"rotation":{"x":0.1456719934940338,"y":0.4168242812156677,"z":-0.06788313388824463,"w":0.8947617411613464},"size":15.5150785446167,"orthographic":false}