{"cameraMode":{"drawMode":0,"name":"Shaded","section":"Shading Mode"},"sceneLighting":true,"audioPlay":false,"sceneViewState":{"showFog":true,"showMaterialUpdate":true,"showSkybox":true,"showFlares":true,"showImageEffects":true,"showParticleSystems":true},"in2DMode":false,"pivot":{"x":53.67375946044922,"y":-16.19939422607422,"z":-85.80402374267578},"rotation":{"x":-0.24350771307945252,"y":0.7232682108879089,"z":-0.31082457304000857,"w":-0.5665810704231262},"size":156.76678466796876,"orthographic":false}