{"cameraMode":{"drawMode":0,"name":"Shaded","section":"Shading Mode"},"sceneLighting":true,"audioPlay":false,"sceneViewState":{"showFog":false,"showMaterialUpdate":true,"showSkybox":true,"showFlares":true,"showImageEffects":true,"showParticleSystems":true},"in2DMode":false,"pivot":{"x":49.328372955322269,"y":-18.8724422454834,"z":-9.163036346435547},"rotation":{"x":-0.08004902303218842,"y":-0.8425450325012207,"z":0.13533781468868257,"w":-0.5159544348716736},"size":119.85393524169922,"orthographic":false}