{"cameraMode":{"drawMode":0,"name":"Shaded","section":"Shading Mode"},"sceneLighting":true,"audioPlay":false,"sceneViewState":{"showFog":true,"showMaterialUpdate":true,"showSkybox":true,"showFlares":true,"showImageEffects":true,"showParticleSystems":true},"in2DMode":false,"pivot":{"x":-40.04817199707031,"y":-0.31281256675720217,"z":-51.13640594482422},"rotation":{"x":0.1456719934940338,"y":0.4168242812156677,"z":-0.06788313388824463,"w":0.8947617411613464},"size":3.568378210067749,"orthographic":false}