{"cameraMode":{"drawMode":0,"name":"Shaded","section":"Shading Mode"},"sceneLighting":true,"audioPlay":false,"sceneViewState":{"showFog":false,"showMaterialUpdate":true,"showSkybox":true,"showFlares":true,"showImageEffects":true,"showParticleSystems":true},"in2DMode":false,"pivot":{"x":-36.887908935546878,"y":-12.160886764526368,"z":24.561779022216798},"rotation":{"x":-0.19159860908985139,"y":-0.41213059425354006,"z":0.09014449268579483,"w":-0.8864325284957886},"size":83.90249633789063,"orthographic":false}