{"cameraMode":{"drawMode":0,"name":"Shaded","section":"Shading Mode"},"sceneLighting":true,"audioPlay":false,"sceneViewState":{"showFog":true,"showMaterialUpdate":true,"showSkybox":true,"showFlares":true,"showImageEffects":true,"showParticleSystems":true},"in2DMode":false,"pivot":{"x":74.7215805053711,"y":-55.45058822631836,"z":-184.08901977539063},"rotation":{"x":0.4080757796764374,"y":0.2429412454366684,"z":-0.1135878786444664,"w":0.8726879954338074},"size":221.395751953125,"orthographic":false}