{"cameraMode":{"drawMode":0,"name":"Shaded","section":"Shading Mode"},"sceneLighting":true,"audioPlay":false,"sceneViewState":{"showFog":false,"showMaterialUpdate":true,"showSkybox":true,"showFlares":true,"showImageEffects":true,"showParticleSystems":true},"in2DMode":false,"pivot":{"x":-9.237997055053711,"y":-6.988716125488281,"z":0.9411125183105469},"rotation":{"x":0.12286069989204407,"y":0.8456423282623291,"z":-0.22235068678855897,"w":0.4697500765323639},"size":53.57221984863281,"orthographic":false}