{"cameraMode":{"drawMode":0,"name":"Shaded","section":"Shading Mode"},"sceneLighting":true,"audioPlay":false,"sceneViewState":{"showFog":false,"showMaterialUpdate":true,"showSkybox":true,"showFlares":true,"showImageEffects":true,"showParticleSystems":true},"in2DMode":false,"pivot":{"x":49.328372955322269,"y":-18.8724422454834,"z":-9.163036346435547},"rotation":{"x":-0.2627982795238495,"y":-0.6716752052307129,"z":0.28297358751296999,"w":-0.6328760385513306},"size":88.02116394042969,"orthographic":false}