{"cameraMode":{"drawMode":0,"name":"Shaded","section":"Shading Mode"},"sceneLighting":true,"audioPlay":false,"sceneViewState":{"showFog":false,"showMaterialUpdate":true,"showSkybox":true,"showFlares":true,"showImageEffects":true,"showParticleSystems":true},"in2DMode":false,"pivot":{"x":-163.2246856689453,"y":-122.87371826171875,"z":-145.88059997558595},"rotation":{"x":0.0742482990026474,"y":-0.915991485118866,"z":0.34038692712783816,"w":0.1995660662651062},"size":393.2123107910156,"orthographic":false}