{"cameraMode":{"drawMode":0,"name":"Shaded","section":"Shading Mode"},"sceneLighting":true,"audioPlay":false,"sceneViewState":{"showFog":true,"showMaterialUpdate":true,"showSkybox":true,"showFlares":true,"showImageEffects":true,"showParticleSystems":true},"in2DMode":false,"pivot":{"x":89.65116882324219,"y":33.22898864746094,"z":-87.86003112792969},"rotation":{"x":0.3799843490123749,"y":-0.394059956073761,"z":0.18331386148929597,"w":0.8171111345291138},"size":7.619211196899414,"orthographic":false}