{"cameraMode":{"drawMode":0,"name":"Shaded","section":"Shading Mode"},"sceneLighting":true,"audioPlay":false,"sceneViewState":{"showFog":false,"showMaterialUpdate":true,"showSkybox":true,"showFlares":true,"showImageEffects":true,"showParticleSystems":true},"in2DMode":false,"pivot":{"x":28.374698638916017,"y":-20.162384033203126,"z":109.70948791503906},"rotation":{"x":-0.3801476061344147,"y":-0.39075493812561037,"z":0.18274816870689393,"w":-0.8184623718261719},"size":115.373779296875,"orthographic":false}