{"cameraMode":{"drawMode":0,"name":"Shaded","section":"Shading Mode"},"sceneLighting":true,"audioPlay":false,"sceneViewState":{"showFog":true,"showMaterialUpdate":true,"showSkybox":true,"showFlares":true,"showImageEffects":true,"showParticleSystems":true},"in2DMode":false,"pivot":{"x":4.58125114440918,"y":-2.905090093612671,"z":-68.21516418457031},"rotation":{"x":-0.33762189745903017,"y":-0.6580804586410523,"z":0.5197462439537048,"w":-0.4277379810810089},"size":133.37271118164063,"orthographic":false}