{"cameraMode":{"drawMode":0,"name":"Shaded","section":"Shading Mode"},"sceneLighting":true,"audioPlay":false,"sceneViewState":{"showFog":true,"showMaterialUpdate":true,"showSkybox":true,"showFlares":true,"showImageEffects":true,"showParticleSystems":true},"in2DMode":false,"pivot":{"x":10.046382904052735,"y":-16.841537475585939,"z":-41.62223815917969},"rotation":{"x":0.463188111782074,"y":-0.5326113700866699,"z":0.46692338585853579,"w":0.5336452126502991},"size":243.05694580078126,"orthographic":false}