{"cameraMode":{"drawMode":0,"name":"Shaded","section":"Shading Mode"},"sceneLighting":true,"audioPlay":false,"sceneViewState":{"showFog":true,"showMaterialUpdate":true,"showSkybox":true,"showFlares":true,"showImageEffects":true,"showParticleSystems":true},"in2DMode":false,"pivot":{"x":17.319808959960939,"y":-2.39837646484375,"z":-30.327430725097658},"rotation":{"x":-0.3851836919784546,"y":-0.3270472586154938,"z":0.14818090200424195,"w":-0.8501909375190735},"size":250.17723083496095,"orthographic":false}