{"cameraMode":{"drawMode":0,"name":"Shaded","section":"Shading Mode"},"sceneLighting":true,"audioPlay":false,"sceneViewState":{"showFog":false,"showMaterialUpdate":true,"showSkybox":true,"showFlares":true,"showImageEffects":true,"showParticleSystems":true},"in2DMode":false,"pivot":{"x":32.90441131591797,"y":-16.425025939941408,"z":7.294893741607666},"rotation":{"x":0.10864586383104325,"y":0.8833442330360413,"z":-0.2550007104873657,"w":0.37842899560928347},"size":76.9636001586914,"orthographic":false}