{"cameraMode":{"drawMode":0,"name":"Shaded","section":"Shading Mode"},"sceneLighting":true,"audioPlay":false,"sceneViewState":{"showFog":true,"showMaterialUpdate":true,"showSkybox":true,"showFlares":true,"showImageEffects":true,"showParticleSystems":true},"in2DMode":false,"pivot":{"x":-41.18831253051758,"y":0.34804683923721316,"z":37.77657699584961},"rotation":{"x":-0.13574717938899995,"y":0.8415026664733887,"z":-0.24668651819229127,"w":-0.46195194125175478},"size":1.0782554149627686,"orthographic":false}