{"cameraMode":{"drawMode":0,"name":"Shaded","section":"Shading Mode"},"sceneLighting":true,"audioPlay":false,"sceneViewState":{"showFog":false,"showMaterialUpdate":true,"showSkybox":true,"showFlares":true,"showImageEffects":true,"showParticleSystems":true},"in2DMode":false,"pivot":{"x":-10.31506061553955,"y":1.9070671796798707,"z":6.652529239654541},"rotation":{"x":0.007061444688588381,"y":-0.9825103878974915,"z":0.18365390598773957,"w":0.03478805348277092},"size":56.765113830566409,"orthographic":false}