{"cameraMode":{"drawMode":0,"name":"Shaded","section":"Shading Mode"},"sceneLighting":true,"audioPlay":false,"sceneViewState":{"showFog":true,"showMaterialUpdate":true,"showSkybox":true,"showFlares":true,"showImageEffects":true,"showParticleSystems":true},"in2DMode":false,"pivot":{"x":-34.750648498535159,"y":1.3396568298339844,"z":-299.2740783691406},"rotation":{"x":0.18003761768341065,"y":0.478517085313797,"z":-0.10097664594650269,"w":0.8535689115524292},"size":7.2559967041015629,"orthographic":false}